Day,Principle,Daily_interest,Interest Payed,Total Payment,APR,Minimum Payment
1,1000.55,0.55,0.55,0,20.0,10
2,1001.1,0.55,1.1,0,20.0,10
3,1001.64,0.55,1.64,0,20.0,10
4,1002.19,0.55,2.19,0,20.0,10
5,1002.74,0.55,2.74,0,20.0,10
6,1003.29,0.55,3.29,0,20.0,10
7,1003.84,0.55,3.84,0,20.0,10
8,1004.39,0.55,4.39,0,20.0,10
9,1004.94,0.55,4.94,0,20.0,10
10,1005.49,0.55,5.49,0,20.0,10
11,1006.04,0.55,6.04,0,20.0,10
12,1006.6,0.55,6.6,0,20.0,10
13,1007.15,0.55,7.15,0,20.0,10
14,1007.7,0.55,7.7,0,20.0,10
15,1008.25,0.55,8.25,0,20.0,10
16,1008.8,0.55,8.8,0,20.0,10
17,1009.36,0.55,9.36,0,20.0,10
18,1009.91,0.55,9.91,0,20.0,10
19,1010.46,0.55,10.46,0,20.0,10
20,1011.02,0.55,11.02,0,20.0,10
21,1011.57,0.55,11.57,0,20.0,10
22,1012.12,0.55,12.12,0,20.0,10
23,1012.68,0.55,12.68,0,20.0,10
24,1013.23,0.55,13.23,0,20.0,10
25,1013.79,0.56,13.79,0,20.0,10
26,1014.34,0.56,14.34,0,20.0,10
27,1014.9,0.56,14.9,0,20.0,10
28,1015.46,0.56,15.46,0,20.0,10
29,1016.01,0.56,16.01,0,20.0,10
30,1006.56,0.55,16.56,10,20.0,10
31,1007.12,0.55,17.12,10,20.0,10
32,1007.67,0.55,17.67,10,20.0,10
33,1008.22,0.55,18.22,10,20.0,10
34,1008.77,0.55,18.77,10,20.0,10
35,1009.32,0.55,19.32,10,20.0,10
36,1009.88,0.55,19.88,10,20.0,10
37,1010.43,0.55,20.43,10,20.0,10
38,1010.98,0.55,20.98,10,20.0,10
39,1011.54,0.55,21.54,10,20.0,10
40,1012.09,0.55,22.09,10,20.0,10
41,1012.65,0.55,22.65,10,20.0,10
42,1013.2,0.55,23.2,10,20.0,10
43,1013.76,0.56,23.76,10,20.0,10
44,1014.31,0.56,24.31,10,20.0,10
45,1014.87,0.56,24.87,10,20.0,10
46,1015.43,0.56,25.43,10,20.0,10
47,1015.98,0.56,25.98,10,20.0,10
48,1016.54,0.56,26.54,10,20.0,10
49,1017.1,0.56,27.1,10,20.0,10
50,1017.65,0.56,27.65,10,20.0,10
51,1018.21,0.56,28.21,10,20.0,10
52,1018.77,0.56,28.77,10,20.0,10
53,1019.33,0.56,29.33,10,20.0,10
54,1019.88,0.56,29.88,10,20.0,10
55,1020.44,0.56,30.44,10,20.0,10
56,1021.0,0.56,31.0,10,20.0,10
57,1021.56,0.56,31.56,10,20.0,10
58,1022.12,0.56,32.12,10,20.0,10
59,1022.68,0.56,32.68,10,20.0,10
60,1013.24,0.55,33.24,20,20.0,10
61,1013.79,0.56,33.79,20,20.0,10
62,1014.35,0.56,34.35,20,20.0,10
63,1014.9,0.56,34.9,20,20.0,10
64,1015.46,0.56,35.46,20,20.0,10
65,1016.02,0.56,36.02,20,20.0,10
66,1016.57,0.56,36.57,20,20.0,10
67,1017.13,0.56,37.13,20,20.0,10
68,1017.69,0.56,37.69,20,20.0,10
69,1018.24,0.56,38.24,20,20.0,10
70,1018.8,0.56,38.8,20,20.0,10
71,1019.36,0.56,39.36,20,20.0,10
72,1019.92,0.56,39.92,20,20.0,10
73,1020.48,0.56,40.48,20,20.0,10
74,1021.04,0.56,41.04,20,20.0,10
75,1021.6,0.56,41.6,20,20.0,10
76,1022.16,0.56,42.16,20,20.0,10
77,1022.72,0.56,42.72,20,20.0,10
78,1023.28,0.56,43.28,20,20.0,10
79,1023.84,0.56,43.84,20,20.0,10
80,1024.4,0.56,44.4,20,20.0,10
81,1024.96,0.56,44.96,20,20.0,10
82,1025.52,0.56,45.52,20,20.0,10
83,1026.08,0.56,46.08,20,20.0,10
84,1026.65,0.56,46.65,20,20.0,10
85,1027.21,0.56,47.21,20,20.0,10
86,1027.77,0.56,47.77,20,20.0,10
87,1028.33,0.56,48.33,20,20.0,10
88,1028.9,0.56,48.9,20,20.0,10
89,1029.46,0.56,49.46,20,20.0,10
90,1020.02,0.56,50.02,30,20.0,10
91,1020.58,0.56,50.58,30,20.0,10
92,1021.14,0.56,51.14,30,20.0,10
93,1021.7,0.56,51.7,30,20.0,10
94,1022.26,0.56,52.26,30,20.0,10
95,1022.82,0.56,52.82,30,20.0,10
96,1023.38,0.56,53.38,30,20.0,10
97,1023.94,0.56,53.94,30,20.0,10
98,1024.5,0.56,54.5,30,20.0,10
99,1025.06,0.56,55.06,30,20.0,10
100,1025.62,0.56,55.62,30,20.0,10
101,1026.19,0.56,56.19,30,20.0,10
102,1026.75,0.56,56.75,30,20.0,10
103,1027.31,0.56,57.31,30,20.0,10
104,1027.87,0.56,57.87,30,20.0,10
105,1028.44,0.56,58.44,30,20.0,10
106,1029.0,0.56,59.0,30,20.0,10
107,1029.56,0.56,59.56,30,20.0,10
108,1030.13,0.56,60.13,30,20.0,10
109,1030.69,0.56,60.69,30,20.0,10
110,1031.26,0.56,61.26,30,20.0,10
111,1031.82,0.57,61.82,30,20.0,10
112,1032.39,0.57,62.39,30,20.0,10
113,1032.95,0.57,62.95,30,20.0,10
114,1033.52,0.57,63.52,30,20.0,10
115,1034.09,0.57,64.09,30,20.0,10
116,1034.65,0.57,64.65,30,20.0,10
117,1035.22,0.57,65.22,30,20.0,10
118,1035.79,0.57,65.79,30,20.0,10
119,1036.35,0.57,66.35,30,20.0,10
120,1026.92,0.56,66.92,40,20.0,10
121,1027.48,0.56,67.48,40,20.0,10
122,1028.04,0.56,68.04,40,20.0,10
123,1028.61,0.56,68.61,40,20.0,10
124,1029.17,0.56,69.17,40,20.0,10
125,1029.73,0.56,69.73,40,20.0,10
126,1030.3,0.56,70.3,40,20.0,10
127,1030.86,0.56,70.86,40,20.0,10
128,1031.43,0.56,71.43,40,20.0,10
129,1031.99,0.57,71.99,40,20.0,10
130,1032.56,0.57,72.56,40,20.0,10
131,1033.12,0.57,73.12,40,20.0,10
132,1033.69,0.57,73.69,40,20.0,10
133,1034.26,0.57,74.26,40,20.0,10
134,1034.82,0.57,74.82,40,20.0,10
135,1035.39,0.57,75.39,40,20.0,10
136,1035.96,0.57,75.96,40,20.0,10
137,1036.52,0.57,76.52,40,20.0,10
138,1037.09,0.57,77.09,40,20.0,10
139,1037.66,0.57,77.66,40,20.0,10
140,1038.23,0.57,78.23,40,20.0,10
141,1038.8,0.57,78.8,40,20.0,10
142,1039.37,0.57,79.37,40,20.0,10
143,1039.94,0.57,79.94,40,20.0,10
144,1040.51,0.57,80.51,40,20.0,10
145,1041.08,0.57,81.08,40,20.0,10
146,1041.65,0.57,81.65,40,20.0,10
147,1042.22,0.57,82.22,40,20.0,10
148,1042.79,0.57,82.79,40,20.0,10
149,1043.36,0.57,83.36,40,20.0,10
150,1033.93,0.57,83.93,50,20.0,10
151,1034.49,0.57,84.49,50,20.0,10
152,1035.06,0.57,85.06,50,20.0,10
153,1035.63,0.57,85.63,50,20.0,10
154,1036.19,0.57,86.19,50,20.0,10
155,1036.76,0.57,86.76,50,20.0,10
156,1037.33,0.57,87.33,50,20.0,10
157,1037.9,0.57,87.9,50,20.0,10
158,1038.47,0.57,88.47,50,20.0,10
159,1039.04,0.57,89.04,50,20.0,10
160,1039.61,0.57,89.61,50,20.0,10
161,1040.18,0.57,90.18,50,20.0,10
162,1040.75,0.57,90.75,50,20.0,10
163,1041.32,0.57,91.32,50,20.0,10
164,1041.89,0.57,91.89,50,20.0,10
165,1042.46,0.57,92.46,50,20.0,10
166,1043.03,0.57,93.03,50,20.0,10
167,1043.6,0.57,93.6,50,20.0,10
168,1044.17,0.57,94.17,50,20.0,10
169,1044.74,0.57,94.74,50,20.0,10
170,1045.32,0.57,95.32,50,20.0,10
171,1045.89,0.57,95.89,50,20.0,10
172,1046.46,0.57,96.46,50,20.0,10
173,1047.04,0.57,97.04,50,20.0,10
174,1047.61,0.57,97.61,50,20.0,10
175,1048.18,0.57,98.18,50,20.0,10
176,1048.76,0.57,98.76,50,20.0,10
177,1049.33,0.57,99.33,50,20.0,10
178,1049.91,0.57,99.91,50,20.0,10
179,1050.48,0.58,100.48,50,20.0,10
180,1041.05,0.57,101.05,60,20.0,10
181,1041.62,0.57,101.62,60,20.0,10
182,1042.19,0.57,102.19,60,20.0,10
183,1042.77,0.57,102.77,60,20.0,10
184,1043.34,0.57,103.34,60,20.0,10
185,1043.91,0.57,103.91,60,20.0,10
186,1044.48,0.57,104.48,60,20.0,10
187,1045.05,0.57,105.05,60,20.0,10
188,1045.63,0.57,105.63,60,20.0,10
189,1046.2,0.57,106.2,60,20.0,10
190,1046.77,0.57,106.77,60,20.0,10
191,1047.34,0.57,107.34,60,20.0,10
192,1047.92,0.57,107.92,60,20.0,10
193,1048.49,0.57,108.49,60,20.0,10
194,1049.07,0.57,109.07,60,20.0,10
195,1049.64,0.57,109.64,60,20.0,10
196,1050.22,0.58,110.22,60,20.0,10
197,1050.79,0.58,110.79,60,20.0,10
198,1051.37,0.58,111.37,60,20.0,10
199,1051.94,0.58,111.94,60,20.0,10
200,1052.52,0.58,112.52,60,20.0,10
201,1053.1,0.58,113.1,60,20.0,10
202,1053.68,0.58,113.68,60,20.0,10
203,1054.25,0.58,114.25,60,20.0,10
204,1054.83,0.58,114.83,60,20.0,10
205,1055.41,0.58,115.41,60,20.0,10
206,1055.99,0.58,115.99,60,20.0,10
207,1056.56,0.58,116.56,60,20.0,10
208,1057.14,0.58,117.14,60,20.0,10
209,1057.72,0.58,117.72,60,20.0,10
210,1048.3,0.57,118.3,70,20.0,10
211,1048.87,0.57,118.87,70,20.0,10
212,1049.45,0.57,119.45,70,20.0,10
213,1050.02,0.58,120.02,70,20.0,10
214,1050.6,0.58,120.6,70,20.0,10
215,1051.17,0.58,121.17,70,20.0,10
216,1051.75,0.58,121.75,70,20.0,10
217,1052.32,0.58,122.32,70,20.0,10
218,1052.9,0.58,122.9,70,20.0,10
219,1053.48,0.58,123.48,70,20.0,10
220,1054.06,0.58,124.06,70,20.0,10
221,1054.63,0.58,124.63,70,20.0,10
222,1055.21,0.58,125.21,70,20.0,10
223,1055.79,0.58,125.79,70,20.0,10
224,1056.37,0.58,126.37,70,20.0,10
225,1056.95,0.58,126.95,70,20.0,10
226,1057.53,0.58,127.53,70,20.0,10
227,1058.11,0.58,128.11,70,20.0,10
228,1058.68,0.58,128.68,70,20.0,10
229,1059.27,0.58,129.27,70,20.0,10
230,1059.85,0.58,129.85,70,20.0,10
231,1060.43,0.58,130.43,70,20.0,10
232,1061.01,0.58,131.01,70,20.0,10
233,1061.59,0.58,131.59,70,20.0,10
234,1062.17,0.58,132.17,70,20.0,10
235,1062.75,0.58,132.75,70,20.0,10
236,1063.33,0.58,133.33,70,20.0,10
237,1063.92,0.58,133.92,70,20.0,10
238,1064.5,0.58,134.5,70,20.0,10
239,1065.08,0.58,135.08,70,20.0,10
240,1055.66,0.58,135.66,80,20.0,10
241,1056.24,0.58,136.24,80,20.0,10
242,1056.82,0.58,136.82,80,20.0,10
243,1057.4,0.58,137.4,80,20.0,10
244,1057.98,0.58,137.98,80,20.0,10
245,1058.56,0.58,138.56,80,20.0,10
246,1059.14,0.58,139.14,80,20.0,10
247,1059.72,0.58,139.72,80,20.0,10
248,1060.3,0.58,140.3,80,20.0,10
249,1060.88,0.58,140.88,80,20.0,10
250,1061.46,0.58,141.46,80,20.0,10
251,1062.04,0.58,142.04,80,20.0,10
252,1062.62,0.58,142.62,80,20.0,10
253,1063.21,0.58,143.21,80,20.0,10
254,1063.79,0.58,143.79,80,20.0,10
255,1064.37,0.58,144.37,80,20.0,10
256,1064.95,0.58,144.95,80,20.0,10
257,1065.54,0.58,145.54,80,20.0,10
258,1066.12,0.58,146.12,80,20.0,10
259,1066.71,0.58,146.71,80,20.0,10
260,1067.29,0.58,147.29,80,20.0,10
261,1067.88,0.58,147.88,80,20.0,10
262,1068.46,0.59,148.46,80,20.0,10
263,1069.05,0.59,149.05,80,20.0,10
264,1069.63,0.59,149.63,80,20.0,10
265,1070.22,0.59,150.22,80,20.0,10
266,1070.8,0.59,150.8,80,20.0,10
267,1071.39,0.59,151.39,80,20.0,10
268,1071.98,0.59,151.98,80,20.0,10
269,1072.57,0.59,152.57,80,20.0,10
270,1063.15,0.58,153.15,90,20.0,10
271,1063.73,0.58,153.73,90,20.0,10
272,1064.31,0.58,154.31,90,20.0,10
273,1064.9,0.58,154.9,90,20.0,10
274,1065.48,0.58,155.48,90,20.0,10
275,1066.06,0.58,156.06,90,20.0,10
276,1066.65,0.58,156.65,90,20.0,10
277,1067.23,0.58,157.23,90,20.0,10
278,1067.82,0.58,157.82,90,20.0,10
279,1068.4,0.59,158.4,90,20.0,10
280,1068.99,0.59,158.99,90,20.0,10
281,1069.57,0.59,159.57,90,20.0,10
282,1070.16,0.59,160.16,90,20.0,10
283,1070.75,0.59,160.75,90,20.0,10
284,1071.33,0.59,161.33,90,20.0,10
285,1071.92,0.59,161.92,90,20.0,10
286,1072.51,0.59,162.51,90,20.0,10
287,1073.09,0.59,163.09,90,20.0,10
288,1073.68,0.59,163.68,90,20.0,10
289,1074.27,0.59,164.27,90,20.0,10
290,1074.86,0.59,164.86,90,20.0,10
291,1075.45,0.59,165.45,90,20.0,10
292,1076.04,0.59,166.04,90,20.0,10
293,1076.63,0.59,166.63,90,20.0,10
294,1077.22,0.59,167.22,90,20.0,10
295,1077.81,0.59,167.81,90,20.0,10
296,1078.4,0.59,168.4,90,20.0,10
297,1078.99,0.59,168.99,90,20.0,10
298,1079.58,0.59,169.58,90,20.0,10
299,1080.17,0.59,170.17,90,20.0,10
300,1070.76,0.59,170.76,100,20.0,10
301,1071.35,0.59,171.35,100,20.0,10
302,1071.93,0.59,171.93,100,20.0,10
303,1072.52,0.59,172.52,100,20.0,10
304,1073.11,0.59,173.11,100,20.0,10
305,1073.7,0.59,173.7,100,20.0,10
306,1074.28,0.59,174.28,100,20.0,10
307,1074.87,0.59,174.87,100,20.0,10
308,1075.46,0.59,175.46,100,20.0,10
309,1076.05,0.59,176.05,100,20.0,10
310,1076.64,0.59,176.64,100,20.0,10
311,1077.23,0.59,177.23,100,20.0,10
312,1077.82,0.59,177.82,100,20.0,10
313,1078.41,0.59,178.41,100,20.0,10
314,1079.0,0.59,179.0,100,20.0,10
315,1079.59,0.59,179.59,100,20.0,10
316,1080.18,0.59,180.18,100,20.0,10
317,1080.78,0.59,180.78,100,20.0,10
318,1081.37,0.59,181.37,100,20.0,10
319,1081.96,0.59,181.96,100,20.0,10
320,1082.55,0.59,182.55,100,20.0,10
321,1083.15,0.59,183.15,100,20.0,10
322,1083.74,0.59,183.74,100,20.0,10
323,1084.33,0.59,184.33,100,20.0,10
324,1084.93,0.59,184.93,100,20.0,10
325,1085.52,0.59,185.52,100,20.0,10
326,1086.12,0.59,186.12,100,20.0,10
327,1086.71,0.6,186.71,100,20.0,10
328,1087.31,0.6,187.31,100,20.0,10
329,1087.9,0.6,187.9,100,20.0,10
330,1078.5,0.59,188.5,110,20.0,10
331,1079.09,0.59,189.09,110,20.0,10
332,1079.68,0.59,189.68,110,20.0,10
333,1080.27,0.59,190.27,110,20.0,10
334,1080.86,0.59,190.86,110,20.0,10
335,1081.45,0.59,191.45,110,20.0,10
336,1082.05,0.59,192.05,110,20.0,10
337,1082.64,0.59,192.64,110,20.0,10
338,1083.23,0.59,193.23,110,20.0,10
339,1083.83,0.59,193.83,110,20.0,10
340,1084.42,0.59,194.42,110,20.0,10
341,1085.01,0.59,195.01,110,20.0,10
342,1085.61,0.59,195.61,110,20.0,10
343,1086.2,0.59,196.2,110,20.0,10
344,1086.8,0.6,196.8,110,20.0,10
345,1087.39,0.6,197.39,110,20.0,10
346,1087.99,0.6,197.99,110,20.0,10
347,1088.59,0.6,198.59,110,20.0,10
348,1089.18,0.6,199.18,110,20.0,10
349,1089.78,0.6,199.78,110,20.0,10
350,1090.38,0.6,200.38,110,20.0,10
351,1090.97,0.6,200.97,110,20.0,10
352,1091.57,0.6,201.57,110,20.0,10
353,1092.17,0.6,202.17,110,20.0,10
354,1092.77,0.6,202.77,110,20.0,10
355,1093.37,0.6,203.37,110,20.0,10
356,1093.97,0.6,203.97,110,20.0,10
357,1094.57,0.6,204.57,110,20.0,10
358,1095.17,0.6,205.17,110,20.0,10
359,1095.77,0.6,205.77,110,20.0,10
360,1086.36,0.59,206.36,120,20.0,10
361,1086.96,0.6,206.96,120,20.0,10
362,1087.55,0.6,207.55,120,20.0,10
363,1088.15,0.6,208.15,120,20.0,10
364,1088.74,0.6,208.74,120,20.0,10
